index,value
0,0.18986
1,0.392465
2,0.63806
3,0.988875
4,0.916436
5,0.862894
6,0.643942
7,0.356568
8,0.486097
9,0.124316
10,-0.0367622
11,-0.334026
12,-0.261352
13,-0.411022
14,-0.905708
15,-0.693384
16,-0.817294
17,-0.947292
18,-0.969129
19,-1.11971
20,-0.982628
21,-0.593715
22,-0.734426
23,-0.716483
24,-0.205211
25,-0.065513
26,-0.0329569
27,0.138885
28,0.353189
29,0.347928
30,0.423022
31,0.72185
32,0.841225
33,1.0888
34,0.871663
35,0.968514
36,0.902052
37,0.731821
38,0.700409
39,0.616651
40,0.565711
41,0.252163
42,-0.0168322
43,0.154926
44,-0.254483
45,-0.232726
46,-0.423684
47,-0.697164
48,-0.582406
49,-0.701704
50,-1.08619
51,-1.1175
52,-0.779535
53,-1.0338
54,-0.801454
55,-0.825741
56,-0.674167
57,-0.498262
58,-0.429981
59,-0.299235
60,-0.0848949
61,0.255404
62,0.357621
63,0.619585
64,0.673047
65,0.748016
66,0.698223
67,1.12694
68,0.941497
69,0.885602
70,0.780639
71,1.0218
72,0.970913
73,0.574985
74,0.504332
75,0.215384
76,0.172846
77,-0.108904
78,-0.277122
79,-0.663694
80,-0.771278
81,-0.954504
82,-0.893467
83,-0.738758
84,-0.906595
85,-1.14651
86,-0.764961
87,-0.857626
88,-0.747908
89,-0.329763
90,-0.340415
91,-0.122152
92,-0.288901
93,-0.112737
94,0.0397793
95,0.466227
96,0.60063
97,0.47838
98,0.726412
99,0.806962
100,0.880033
101,1.17445
102,0.860721
103,0.869138
104,0.926708
105,0.860514
106,0.718467
107,0.288421
108,0.519272
109,0.246469
110,-0.155366
111,-0.182142
112,-0.538893
113,-0.475055
114,-0.64463
115,-0.902291
116,-0.893028
117,-0.670915
118,-1.09323
119,-0.850144
120,-1.11353
121,-0.899894
122,-0.780139
123,-0.587998
124,-0.322948
125,-0.172666
126,-0.10105
127,-0.0484685
128,0.28472
129,0.518499
130,0.676935
131,0.698388
132,0.731542
133,1.19366
134,0.916607
135,0.865866
136,0.858958
137,0.876199
138,0.802621
139,0.694953
140,0.490598
141,0.353513
142,0.223227
143,-0.16074
144,-0.188158
145,-0.151176
146,-0.484193
147,-0.617578
148,-0.964704
149,-0.883737
150,-1.00592
151,-1.0168
152,-0.984549
153,-0.952997
154,-1.0083
155,-0.979631
156,-0.686062
157,-0.509715
158,-0.0854705
159,0.0639027
160,0.139957
161,0.229429
162,0.400932
163,0.678969
164,0.670299
165,0.850805
166,0.849124
167,0.859411
168,0.866173
169,0.994224
170,1.1391
171,0.751783
172,0.627675
173,0.744542
174,0.372667
175,0.1299
176,0.318324
177,0.115489
178,-0.371907
179,-0.621628
180,-0.575621
181,-0.745503
182,-0.950332
183,-1.11828
184,-0.855434
185,-1.0276
186,-0.960277
187,-0.774371
188,-0.904742
189,-0.530353
190,-0.410885
191,-0.30172
192,-0.13345
193,0.289613
194,0.17944
195,0.324889
196,0.397695
197,0.612406
198,0.470423
199,1.12951
200,0.771037
201,0.810665
202,1.04325
203,0.82731
204,0.765407
205,0.803478
206,0.623982
207,0.455169
208,0.496714
209,-0.0286851
210,0.154571
211,-0.0524685
212,-0.403508
213,-0.419193
214,-0.830812
215,-0.805483
216,-0.919182
217,-0.770348
218,-1.0468
219,-0.77029
220,-1.2459
221,-0.772882
222,-0.608649
223,-0.720868
224,-0.565223
225,-0.366413
226,-0.0131068
227,0.164087
228,0.230095
229,0.389931
230,0.60891
231,0.89839
232,0.910297
233,1.08655
234,0.907988
235,1.07067
236,0.812843
237,0.891189
238,0.571739
239,0.77651
240,0.443308
241,0.292058
242,0.27966
243,-0.0921051
244,-0.235635
245,-0.184341
246,-0.535006
247,-0.944783
248,-0.870504
249,-0.987612
250,-0.846225
251,-0.938335
252,-0.879107
253,-0.930407
254,-1.05319
255,-0.591837
256,-0.494091
257,-0.316528
258,-0.241656
259,0.0131598
260,0.16914
261,0.223426
262,0.50596
263,0.294956
264,0.915023
265,1.0908
266,0.896359
267,1.05362
268,0.861196
269,0.884773
270,1.17591
271,0.782812
272,0.584302
273,0.395962
274,0.758246
275,0.290131
276,0.0893359
277,-0.377667
278,-0.525008
279,-0.33147
280,-0.676886
281,-0.661635
282,-0.956764
283,-0.972977
284,-0.882373
285,-0.901003
286,-0.810636
287,-0.956162
288,-0.672602
289,-0.587468
290,-0.489866
291,-0.338409
292,-0.155414
293,-0.0691611
294,0.273413
295,0.506505
296,0.545924
297,0.602118
298,0.810039
299,0.940747
300,0.829785
301,1.00524
302,0.999303
303,0.789368
304,0.778528
305,0.678955
306,0.583241
307,0.456747
308,0.447997
309,0.144691
310,-0.0717238
311,-0.0467648
312,-0.382029
313,-0.336861
314,-0.792044
315,-0.855519
316,-0.88291
317,-0.879317
318,-0.758326
319,-0.865757
320,-1.02802
321,-0.763699
322,-0.740174
323,-0.708634
324,-0.445751
325,-0.0609492
326,0.0947368
327,-0.0118425
328,0.225887
329,0.372608
330,0.339778
331,0.808743
332,0.855761
333,1.03468
334,1.11873
335,0.845299
336,1.15138
337,0.756517
338,0.91995
339,0.675489
340,0.274698
341,0.377196
342,0.312597
343,0.100358
344,-0.178629
345,-0.268704
346,-0.40568
347,-0.821932
348,-0.750965
349,-0.917076
350,-0.976481
351,-0.985725
352,-1.03409
353,-0.886404
354,-0.768666
355,-0.854342
356,-0.781331
357,-0.595665
358,-0.343094
359,-0.164548
360,-0.0274729
361,0.472436
362,0.518308
363,0.71316
364,0.521985
365,0.711539
366,0.944987
367,1.07906
368,1.00176
369,0.99828
370,0.85527
371,0.712306
372,0.612375
373,0.705023
374,0.399536
375,0.297842
376,0.0798138
377,-0.264116
378,-0.384684
379,-0.304422
380,-0.763923
381,-0.791607
382,-0.771892
383,-0.909681
384,-1.06532
385,-0.993277
386,-1.07727
387,-0.761597
388,-0.625967
389,-0.334316
390,-0.588648
391,-0.525752
392,-0.151603
393,0.155397
394,-0.110245
395,0.189356
396,0.676579
397,0.475966
398,0.660029
399,0.877383
400,1.03562
401,1.11838
402,0.844722
403,0.9294
404,0.648586
405,0.708299
406,0.368581
407,0.518807
408,0.418649
409,0.222634
410,-0.207562
411,-0.375651
412,-0.490427
413,-0.516419
414,-0.723724
415,-0.78475
416,-0.916326
417,-0.690168
418,-1.15872
419,-0.941591
420,-0.990159
421,-0.584781
422,-0.652695
423,-0.456658
424,-0.484071
425,-0.106131
426,-0.0846517
427,0.207457
428,0.228061
429,0.526664
430,0.398474
431,0.671545
432,0.896071
433,0.847661
434,0.965707
435,0.927133
436,1.17957
437,0.916252
438,0.885057
439,0.784899
440,0.506766
441,0.287633
442,0.157042
443,0.0806713
444,-0.213114
445,-0.189027
446,-0.518294
447,-0.613387
448,-0.678736
449,-0.8748
450,-0.920935
451,-1.09932
452,-1.23654
453,-0.715394
454,-0.789969
455,-0.854694
456,-0.730964
457,-0.455823
458,-0.460157
459,-0.0478416
460,-0.069525
461,0.318777
462,0.463139
463,0.654391
464,0.788018
465,1.04699
466,0.686552
467,1.04541
468,1.08832
469,0.794194
470,0.934788
471,0.822893
472,0.84163
473,0.622607
474,0.528515
475,0.162441
476,0.00682111
477,-0.158452
478,-0.291896
479,-0.443141
480,-0.661092
481,-0.964265
482,-0.751238
483,-0.784447
484,-0.887361
485,-1.01216
486,-1.18438
487,-0.968035
488,-0.755629
489,-0.385516
490,-0.669946
491,-0.611791
492,-0.249198
493,-0.151169
494,0.0377261
495,0.316444
496,0.357536
497,0.680697
498,0.967798
499,0.78025
500,0.767293
501,1.10201
502,0.971415
503,1.17498
504,0.665816
505,0.751398
506,0.751729
507,0.329411
508,0.467842
509,-0.0101523
510,-0.0181506
511,-0.27264
512,-0.51358
513,-0.457333
514,-0.755788
515,-0.707692
516,-1.04455
517,-0.985199
518,-0.904465
519,-1.00428
520,-1.06636
521,-0.752598
522,-0.830155
523,-0.836084
524,-0.584809
525,-0.268434
526,0.19133
527,0.32309
528,0.148035
529,0.249229
530,0.589332
531,0.700521
532,0.8823
533,0.809308
534,1.05746
535,0.816235
536,0.80445
537,0.893653
538,0.73661
539,0.461963
540,0.312135
541,0.353576
542,0.265204
543,-0.0261799
544,-0.0296448
545,-0.244881
546,-0.270457
547,-0.528851
548,-0.947212
549,-0.848346
550,-0.866014
551,-1.09354
552,-0.906697
553,-1.00961
554,-0.8187
555,-0.847696
556,-0.663493
557,-0.518402
558,-0.312059
559,-0.152269
560,0.0276155
561,0.365807
562,0.241252
563,0.403836
564,0.697333
565,0.65451
566,0.904346
567,0.69809
568,0.800086
569,1.09191
570,0.905579
571,0.7624
572,0.831147
573,0.740406
574,0.282276
575,0.473275
576,0.042784
577,-0.285143
578,-0.410354
579,-0.414014
580,-0.599649
581,-0.626118
582,-0.619046
583,-0.991869
584,-0.904511
585,-0.940156
586,-0.886162
587,-0.962115
588,-0.694663
589,-0.752323
590,-0.431402
591,-0.601459
592,-0.338545
593,0.136447
594,0.24664
595,0.267139
596,0.332035
597,0.52887
598,0.804004
599,0.666116
600,0.931144
601,0.990777
602,1.04351
603,0.823676
604,0.85533
605,0.966877
606,0.729398
607,0.3711
608,0.412923
609,0.107282
610,-0.242193
611,-0.27373
612,-0.313984
613,-0.530189
614,-0.67041
615,-0.873536
616,-0.989149
617,-0.985224
618,-1.11107
619,-0.865323
620,-0.846413
621,-0.76084
622,-0.823595
623,-0.4942
624,-0.556578
625,-0.297548
626,-0.26895
627,0.0216936
628,0.438211
629,0.437966
630,0.443496
631,0.576792
632,0.598798
633,0.764642
634,1.0946
635,1.04513
636,0.97421
637,0.994376
638,0.78457
639,0.729488
640,0.430012
641,0.341682
642,0.0254008
643,-0.00509797
644,-0.146354
645,-0.354095
646,-0.509826
647,-0.522383
648,-0.727816
649,-1.07652
650,-1.01045
651,-0.991513
652,-0.980941
653,-1.03088
654,-0.824233
655,-0.743915
656,-0.420204
657,-0.392648
658,-0.353936
659,-0.220783
660,0.215189
661,0.249072
662,0.286118
663,0.748707
664,0.540352
665,1.09495
666,0.883816
667,0.817519
668,0.948984
669,1.04878
670,0.958671
671,0.895103
672,0.612227
673,0.597205
674,0.595076
675,0.311535
676,0.285551
677,-0.132022
678,-0.226694
679,-0.538249
680,-0.765805
681,-0.719836
682,-0.858862
683,-0.98911
684,-0.669776
685,-0.971257
686,-0.743495
687,-0.808225
688,-0.925287
689,-0.634471
690,-0.56035
691,-0.362555
692,-0.320134
693,-0.166641
694,0.125676
695,0.346987
696,0.295294
697,0.276708
698,0.698987
699,0.921958
700,1.19543
701,0.992475
702,0.934002
703,0.931761
704,0.930172
705,0.879358
706,0.499487
707,0.536017
708,0.395249
709,0.209343
710,-0.0109943
711,-0.101841
712,-0.322361
713,-0.520326
714,-0.811709
715,-0.719344
716,-0.894514
717,-1.0948
718,-0.970809
719,-0.89842
720,-0.784349
721,-0.886113
722,-0.643329
723,-0.656437
724,-0.705
725,-0.137744
726,-0.106774
727,0.296934
728,0.327241
729,0.494715
730,0.347794
731,0.759637
732,0.873658
733,0.842197
734,0.920832
735,0.906472
736,0.90524
737,0.796248
738,0.917653
739,0.693073
740,0.647378
741,0.283351
742,0.319557
743,-0.166281
744,-0.174037
745,-0.279293
746,-0.435777
747,-0.502569
748,-0.92076
749,-0.790445
750,-0.851809
751,-1.21844
752,-0.873757
753,-1.07992
754,-0.906939
755,-0.63747
756,-0.630388
757,-0.459822
758,-0.446484
759,-0.0934025
760,-0.0521725
761,0.17887
762,0.562377
763,0.379435
764,0.757323
765,0.793936
766,0.972064
767,0.735882
768,0.948273
769,1.01239
770,1.03306
771,0.893686
772,0.655713
773,0.335815
774,0.380907
775,0.361194
776,-0.0811114
777,-0.16484
778,-0.460394
779,-0.478757
780,-0.575814
781,-0.597908
782,-0.708755
783,-1.02869
784,-1.1063
785,-1.01353
786,-1.08773
787,-0.757907
788,-0.679753
789,-0.917826
790,-0.673647
791,-0.213661
792,-0.223387
793,-0.0064237
794,0.336978
795,0.248753
796,0.422574
797,0.592458
798,0.736382
799,1.01546
800,0.775594
801,1.19208
802,0.973491
803,0.826608
804,0.874982
805,0.72062
806,0.623896
807,0.280211
808,0.609085
809,0.231185
810,0.0608279
811,-0.218524
812,-0.390341
813,-0.6477
814,-0.715846
815,-0.903287
816,-1.20886
817,-0.94854
818,-0.87836
819,-0.784852
820,-0.881584
821,-0.730853
822,-0.65135
823,-0.61863
824,-0.263747
825,-0.111213
826,-0.0643698
827,-0.01626
828,0.493306
829,0.354681
830,0.560441
831,0.710066
832,0.739782
833,1.09006
834,0.964026
835,1.06305
836,0.836203
837,0.897181
838,0.661934
839,0.561404
840,0.445395
841,0.507451
842,0.347033
843,0.141713
844,-0.0309504
845,-0.33552
846,-0.257829
847,-0.561548
848,-0.595722
849,-0.758637
850,-0.799621
851,-0.890144
852,-1.01208
853,-1.171
854,-0.811619
855,-1.0971
856,-0.656429
857,-0.629763
858,-0.315281
859,-0.184453
860,-0.0210664
861,0.200764
862,0.317516
863,0.513596
864,0.535837
865,0.724386
866,0.930372
867,0.895005
868,1.01943
869,0.90593
870,0.925298
871,0.773637
872,0.57573
873,0.741642
874,0.491207
875,0.211775
876,-0.208011
877,-0.128084
878,-0.216571
879,-0.532104
880,-0.589621
881,-0.856931
882,-0.660801
883,-0.972938
884,-1.18834
885,-0.873464
886,-1.07802
887,-1.0509
888,-0.791574
889,-0.477707
890,-0.469161
891,-0.486938
892,-0.401613
893,0.0898351
894,0.191569
895,0.539856
896,0.623449
897,0.761492
898,0.740419
899,0.697011
900,0.738883
901,1.14937
902,1.19117
903,0.872434
904,0.906447
905,0.744751
906,0.392029
907,0.535205
908,0.406354
909,-0.155221
910,-0.0518672
911,-0.277477
912,-0.47324
913,-0.442099
914,-0.690995
915,-0.847015
916,-1.00039
917,-0.864099
918,-0.681667
919,-1.05621
920,-0.928007
921,-0.739408
922,-0.794766
923,-0.59518
924,-0.453896
925,-0.0107652
926,-0.290986
927,0.107861
928,0.40945
929,0.500327
930,0.470559
931,0.702944
932,0.972651
933,0.783533
934,0.863685
935,0.949272
936,0.70146
937,0.807863
938,0.836718
939,0.859064
940,0.469496
941,0.486576
942,0.169856
943,0.184508
944,-0.068951
945,-0.476647
946,-0.640833
947,-0.839021
948,-0.91907
949,-1.01156
950,-1.00343
951,-1.14836
952,-1.01595
953,-0.921218
954,-0.867369
955,-0.729002
956,-0.560624
957,-0.415294
958,-0.45469
959,-0.0824382
960,0.0697774
961,0.419943
962,0.487113
963,0.525033
964,0.964653
965,0.804419
966,0.940932
967,0.892013
968,1.12247
969,0.965735
970,0.974422
971,0.79358
972,0.892318
973,0.503786
974,0.256957
975,0.436446
976,0.202012
977,-0.0355181
978,-0.0792986
979,-0.184649
980,-0.433479
981,-0.821805
982,-0.839622
983,-1.11583
984,-0.967739
985,-0.939268
986,-1.10945
987,-0.857735
988,-0.81067
989,-0.735086
990,-0.633689
991,-0.292579
992,-0.445772
993,-0.0565394
994,0.10199
995,0.329749
996,0.622937
997,0.553735
998,0.90093
999,0.908149
1000,0.741097
1001,0.891724
1002,0.991925
1003,1.14573
1004,0.892369
1005,0.666491
1006,0.649469
1007,0.253723
1008,0.154505
1009,-0.160403
1010,-0.0710807
1011,-0.159026
1012,-0.584008
1013,-0.547544
1014,-0.771219
1015,-0.807012
1016,-0.947205
1017,-1.0221
1018,-0.944089
1019,-1.04685
1020,-0.7948
1021,-1.13683
1022,-0.596168
1023,-0.671752
1024,-0.23109
1025,-0.343076
1026,-0.16487
1027,0.26866
1028,0.486815
1029,0.32324
1030,0.427196
1031,0.722537
1032,0.736761
1033,0.763434
1034,0.951095
1035,1.04484
1036,1.0013
1037,0.913769
1038,0.620683
1039,0.847548
1040,0.780633
1041,0.10224
1042,0.150706
1043,-0.0696729
1044,-0.217345
1045,0.0849354
1046,-0.54095
1047,-0.57732
1048,-0.880898
1049,-0.765959
1050,-0.980125
1051,-0.927641
1052,-0.882997
1053,-1.01543
1054,-0.865819
1055,-0.744891
1056,-0.937748
1057,-0.346483
1058,-0.24574
1059,-0.241195
1060,-0.182985
1061,0.32465
1062,0.358775
1063,0.624555
1064,0.627167
1065,0.844744
1066,0.789176
1067,1.08209
1068,1.0913
1069,1.00703
1070,0.71113
1071,0.910327
1072,0.622043
1073,0.754517
1074,0.375123
1075,0.205164
1076,0.150439
1077,-0.375699
1078,-0.107088
1079,-0.405676
1080,-0.587878
1081,-0.76788
1082,-0.684326
1083,-0.836795
1084,-0.819122
1085,-0.805672
1086,-1.04577
1087,-0.712341
1088,-0.980357
1089,-0.893201
1090,-0.748819
1091,-0.471094
1092,-0.336814
1093,-0.0925341
1094,0.126945
1095,0.1581
1096,0.465624
1097,0.48533
1098,0.757671
1099,0.820238
1100,0.965381
1101,0.994332
1102,1.12293
1103,0.769239
1104,0.792369
1105,0.816771
1106,0.762757
1107,0.621555
1108,0.294095
1109,0.297441
1110,-0.0905811
1111,-0.491435
1112,-0.424427
1113,-0.42035
1114,-0.650093
1115,-0.65652
1116,-0.965177
1117,-1.06827
1118,-0.768565
1119,-0.926116
1120,-0.917989
1121,-0.955786
1122,-0.473784
1123,-0.649467
1124,-0.297385
1125,0.00254227
1126,-0.155947
1127,0.0273562
1128,0.281287
1129,0.345057
1130,0.618968
1131,0.584231
1132,0.765669
1133,1.11214
1134,0.886666
1135,0.97214
1136,0.770942
1137,0.962656
1138,0.664609
1139,0.565426
1140,0.47089
1141,0.333336
1142,0.115016
1143,0.178937
1144,-0.140129
1145,-0.30187
1146,-0.579525
1147,-0.431579
1148,-0.760984
1149,-0.682792
1150,-1.10815
1151,-0.992857
1152,-0.994166
1153,-0.955115
1154,-0.803098
1155,-0.85871
1156,-0.715437
1157,-0.520754
1158,-0.262919
1159,-0.202222
1160,0.310857
1161,0.112906
1162,0.270832
1163,0.390985
1164,0.448229
1165,0.826511
1166,0.905361
1167,0.791398
1168,1.0072
1169,1.11963
1170,0.988785
1171,0.740271
1172,0.914834
1173,0.53234
1174,0.346549
1175,0.305329
1176,0.0988426
1177,-0.0429387
1178,-0.238926
1179,-0.214507
1180,-0.569298
1181,-0.890314
1182,-0.71333
1183,-0.725914
1184,-0.929668
1185,-0.989077
1186,-0.850208
1187,-0.856618
1188,-1.05137
1189,-0.782578
1190,-0.459492
1191,-0.226931
1192,-0.260046
1193,-0.0816957
1194,-0.0920874
1195,0.289277
1196,0.694391
1197,0.659559
1198,0.770683
1199,0.572417
1200,0.957676
1201,1.05564
1202,0.876448
1203,0.701774
1204,0.738361
1205,0.744809
1206,0.633485
1207,0.419526
1208,0.159597
1209,0.00930934
1210,-0.0524995
1211,-0.457211
1212,-0.392664
1213,-0.80779
1214,-0.784992
1215,-0.818573
1216,-1.02539
1217,-0.996314
1218,-0.79487
1219,-0.891695
1220,-0.893074
1221,-0.849411
1222,-0.73461
1223,-0.58947
1224,-0.217457
1225,-0.324916
1226,-0.174699
1227,0.0436276
1228,0.410164
1229,0.647458
1230,0.594938
1231,0.749298
1232,0.88267
1233,0.8287
1234,1.29961
1235,0.905928
1236,0.79352
1237,0.820037
1238,0.818517
1239,0.798739
1240,0.492172
1241,0.355149
1242,0.265654
1243,0.015235
1244,-0.155805
1245,-0.177973
1246,-0.541807
1247,-0.757537
1248,-0.583653
1249,-0.881567
1250,-0.906875
1251,-0.820981
1252,-1.14154
1253,-0.695855
1254,-0.728483
1255,-1.02931
1256,-0.566146
1257,-0.423005
1258,-0.408723
1259,-0.0529
1260,-0.0887889
1261,0.20414
1262,0.412716
1263,0.450538
1264,0.680662
1265,0.826408
1266,1.04148
1267,1.04315
1268,0.925735
1269,0.851541
1270,0.899864
1271,0.868171
1272,0.650729
1273,0.494199
1274,0.183998
1275,0.175231
1276,0.287119
1277,-0.284314
1278,-0.458093
1279,-0.259559
1280,-0.57784
1281,-0.735851
1282,-0.926226
1283,-0.873631
1284,-0.837173
1285,-0.915784
1286,-1.04939
1287,-1.08665
1288,-0.671306
1289,-0.604031
1290,-0.61092
1291,-0.246681
1292,-0.262971
1293,-0.145312
1294,0.0942154
1295,0.513746
1296,0.583982
1297,0.56835
1298,0.807216
1299,0.857317
1300,0.729632
1301,0.627547
1302,0.892138
1303,0.886319
1304,0.765022
1305,0.754119
1306,0.645545
1307,0.428739
1308,0.711503
1309,0.0898692
1310,0.0434384
1311,-0.171854
1312,-0.424125
1313,-0.483384
1314,-0.837402
1315,-0.832879
1316,-0.668278
1317,-1.08677
1318,-0.977662
1319,-0.995937
1320,-1.00328
1321,-0.980364
1322,-0.909851
1323,-0.75164
1324,-0.386941
1325,-0.19447
1326,0.0631251
1327,0.0276543
1328,0.458942
1329,0.378609
1330,0.627002
1331,0.887878
1332,0.955811
1333,0.854495
1334,0.99962
1335,0.933197
1336,0.881088
1337,0.858179
1338,0.71331
1339,0.734003
1340,0.750471
1341,0.5761
1342,0.239784
1343,0.0959805
1344,-0.173865
1345,-0.240804
1346,-0.542937
1347,-0.615577
1348,-0.912039
1349,-0.920774
1350,-1.01667
1351,-0.75608
1352,-1.0493
1353,-1.03301
1354,-0.763954
1355,-0.678422
1356,-0.580467
1357,-0.480776
1358,-0.21259
1359,-0.0111472
1360,-0.0064128
1361,0.343454
1362,0.533409
1363,0.52046
1364,0.651994
1365,0.931586
1366,0.801364
1367,0.98503
1368,1.01626
1369,0.8261
1370,0.901589
1371,0.781495
1372,0.639783
1373,0.794224
1374,0.333162
1375,0.387436
1376,-0.151567
1377,-0.199414
1378,-0.26786
1379,-0.530582
1380,-0.716724
1381,-0.633612
1382,-0.924276
1383,-1.04167
1384,-1.00341
1385,-0.898262
1386,-0.937627
1387,-0.85946
1388,-0.797344
1389,-0.738793
1390,-0.434602
1391,-0.2816
1392,-0.222009
1393,-0.0100961
1394,-0.0379421
1395,0.278296
1396,0.541588
1397,0.517541
1398,0.659474
1399,0.751273
1400,0.930231
1401,1.03675
1402,0.932383
1403,0.989404
1404,0.896402
1405,0.721979
1406,0.994085
1407,0.530288
1408,0.182069
1409,0.0349791
1410,-0.173105
1411,-0.288044
1412,-0.431872
1413,-0.710175
1414,-0.601765
1415,-0.871452
1416,-0.98636
1417,-0.69409
1418,-0.987938
1419,-0.850316
1420,-0.598188
1421,-0.629878
1422,-0.816891
1423,-0.55945
1424,-0.375635
1425,0.0398685
1426,-0.0148054
1427,0.0981732
1428,0.365724
1429,0.246457
1430,0.8863
1431,0.644632
1432,0.919212
1433,1.00194
1434,0.967049
1435,0.847892
1436,1.00458
1437,0.960775
1438,0.796586
1439,0.535619
1440,0.517118
1441,0.268081
1442,0.279999
1443,0.0314785
1444,-0.3599
1445,-0.261303
1446,-0.601544
1447,-0.58991
1448,-0.955699
1449,-0.687937
1450,-0.822533
1451,-0.890567
1452,-0.913461
1453,-1.00236
1454,-0.785166
1455,-0.66597
1456,-0.568138
1457,-0.382905
1458,-0.179009
1459,-0.118995
1460,0.0970446
1461,0.131965
1462,0.430436
1463,0.625115
1464,0.593113
1465,0.909093
1466,0.779326
1467,0.943459
1468,0.986512
1469,0.959537
1470,0.950902
1471,0.879066
1472,0.736931
1473,0.571437
1474,0.398984
1475,0.127078
1476,-0.0214737
1477,-0.207225
1478,-0.279297
1479,-0.407225
1480,-0.578199
1481,-0.880537
1482,-0.788133
1483,-0.734423
1484,-0.965429
1485,-0.969173
1486,-0.958954
1487,-0.814743
1488,-0.920085
1489,-0.798076
1490,-0.590009
1491,-0.459354
1492,-0.326532
1493,-0.162963
1494,0.423986
1495,0.352845
1496,0.547759
1497,0.758013
1498,0.729067
1499,0.980729
1500,0.828082
1501,0.959941
1502,1.13167
1503,1.31668
1504,0.67983
1505,0.751378
1506,0.422295
1507,0.448383
1508,0.315456
1509,0.178404
1510,-0.331589
1511,-0.256165
1512,-0.224502
1513,-0.482603
1514,-0.683682
1515,-0.947866
1516,-1.05953
1517,-0.949159
1518,-0.754442
1519,-1.09304
1520,-0.847766
1521,-0.791406
1522,-0.702719
1523,-0.751246
1524,-0.373939
1525,-0.309238
1526,-0.0827655
1527,0.274552
1528,0.147077
1529,0.436364
1530,0.705906
1531,0.876184
1532,0.629552
1533,0.995493
1534,1.14703
1535,1.01692
1536,0.922175
1537,0.861206
1538,0.816928
1539,0.818687
1540,0.479325
1541,0.30296
1542,0.210708
1543,0.131888
1544,-0.195329
1545,-0.257084
1546,-0.622697
1547,-0.48277
1548,-0.675397
1549,-0.79605
1550,-0.971746
1551,-1.00541
1552,-0.971534
1553,-1.08997
1554,-0.797217
1555,-0.770396
1556,-0.59924
1557,-0.601761
1558,-0.315303
1559,-0.230317
1560,0.283887
1561,0.307048
1562,0.442829
1563,0.557548
1564,0.627198
1565,0.82499
1566,0.917063
1567,0.943405
1568,1.1484
1569,0.896051
1570,0.842349
1571,0.839039
1572,0.754938
1573,0.800416
1574,0.652188
1575,0.174408
1576,0.248484
1577,-0.251902
1578,-0.252203
1579,-0.312081
1580,-0.77213
1581,-0.734919
1582,-0.85247
1583,-0.927892
1584,-0.832389
1585,-1.00078
1586,-1.08407
1587,-1.17719
1588,-0.867136
1589,-0.49955
1590,-0.328312
1591,-0.604483
1592,-0.0557585
1593,-0.115174
1594,0.0426371
1595,0.252923
1596,0.413414
1597,0.738279
1598,0.829527
1599,0.77796
1600,1.06839
1601,1.00444
1602,0.719467
1603,1.03669
1604,0.769905
1605,0.956869
1606,0.563916
1607,0.502111
1608,0.396771
1609,0.210813
1610,0.0387091
1611,-0.0566427
1612,-0.572698
1613,-0.493907
1614,-0.66696
1615,-0.565563
1616,-0.986591
1617,-1.14055
1618,-0.852916
1619,-0.844616
1620,-0.947717
1621,-0.651867
1622,-0.648504
1623,-0.381767
1624,-0.231555
1625,-0.199167
1626,0.135838
1627,0.0157793
1628,0.402361
1629,0.423361
1630,0.859539
1631,0.937996
1632,1.11261
1633,1.07937
1634,1.026
1635,0.998855
1636,0.869524
1637,0.835376
1638,0.788205
1639,0.506663
1640,0.569543
1641,0.146418
1642,-0.101471
1643,-0.0512402
1644,-0.165687
1645,-0.479456
1646,-0.319944
1647,-0.637815
1648,-0.648764
1649,-0.738648
1650,-1.05707
1651,-0.971297
1652,-0.9525
1653,-1.13745
1654,-0.66028
1655,-0.771082
1656,-0.637598
1657,-0.464341
1658,-0.254296
1659,-0.240826
1660,0.0115961
1661,0.266028
1662,0.228021
1663,0.447813
1664,0.795197
1665,0.56239
1666,0.857195
1667,1.10075
1668,1.0283
1669,0.994172
1670,1.03817
1671,0.763437
1672,0.816964
1673,0.641126
1674,0.426573
1675,0.245686
1676,0.0709515
1677,-0.14268
1678,-0.287611
1679,-0.278296
1680,-0.400425
1681,-0.879952
1682,-1.00004
1683,-1.00626
1684,-0.904264
1685,-0.814203
1686,-0.867062
1687,-1.0333
1688,-0.804017
1689,-0.793905
1690,-0.503064
1691,-0.14229
1692,-0.204622
1693,0.0483553
1694,0.223277
1695,0.258809
1696,0.675645
1697,0.604346
1698,0.995346
1699,0.989602
1700,0.814375
1701,1.12651
1702,0.879862
1703,0.796971
1704,0.82735
1705,0.849564
1706,0.291861
1707,0.655254
1708,0.468303
1709,0.173291
1710,0.006471
1711,-0.276568
1712,-0.542555
1713,-0.400685
1714,-0.758503
1715,-0.647174
1716,-0.985798
1717,-0.743927
1718,-0.942079
1719,-1.02043
1720,-1.21651
1721,-1.02118
1722,-0.834085
1723,-0.568823
1724,-0.286598
1725,-0.166431
1726,0.0251083
1727,0.00739308
1728,0.223902
1729,0.478459
1730,0.674732
1731,0.392758
1732,0.875715
1733,0.94134
1734,0.603812
1735,1.05084
1736,0.806452
1737,0.842824
1738,0.993226
1739,0.708737
1740,0.480349
1741,0.349939
1742,0.225314
1743,-0.0849818
1744,-0.237128
1745,-0.316105
1746,-0.488881
1747,-0.586859
1748,-0.802221
1749,-0.911101
1750,-1.02666
1751,-0.908542
1752,-0.858272
1753,-0.796439
1754,-0.909171
1755,-0.600493
1756,-0.572642
1757,-0.510377
1758,-0.259588
1759,0.0157452
1760,-0.0945647
1761,0.485254
1762,0.291282
1763,0.527822
1764,0.816764
1765,0.846169
1766,0.925073
1767,1.03469
1768,1.04742
1769,0.740232
1770,0.848841
1771,0.80561
1772,0.654509
1773,0.611421
1774,0.579133
1775,0.131938
1776,0.0656772
1777,-0.278508
1778,-0.2415
1779,-0.358057
1780,-0.750718
1781,-0.461081
1782,-0.745121
1783,-1.10558
1784,-1.20259
1785,-1.11655
1786,-1.01972
1787,-0.970717
1788,-0.662015
1789,-0.728356
1790,-0.579211
1791,-0.503794
1792,-0.137632
1793,-0.167129
1794,0.235279
1795,0.343045
1796,0.580187
1797,0.555206
1798,0.958642
1799,0.765125
1800,0.988252
1801,1.06276
1802,0.906111
1803,1.07136
1804,0.839106
1805,0.6399
1806,0.788562
1807,0.37927
1808,0.356435
1809,-0.0524713
1810,0.128289
1811,0.00750035
1812,-0.349821
1813,-0.481843
1814,-0.725264
1815,-0.835047
1816,-0.955051
1817,-1.14091
1818,-1.02939
1819,-1.16553
1820,-0.778364
1821,-0.810143
1822,-0.67826
1823,-0.489979
1824,-0.395382
1825,-0.16323
1826,0.0709202
1827,0.0334708
1828,0.322101
1829,0.345696
1830,0.724876
1831,0.653443
1832,0.893677
1833,0.90972
1834,0.964323
1835,0.975301
1836,0.880309
1837,0.852555
1838,0.827874
1839,0.750664
1840,0.522712
1841,0.345999
1842,0.13159
1843,-0.17759
1844,-0.274982
1845,-0.388877
1846,-0.49441
1847,-0.828006
1848,-1.06991
1849,-0.779037
1850,-1.00902
1851,-1.02418
1852,-0.856827
1853,-1.1412
1854,-0.765355
1855,-0.578161
1856,-0.626129
1857,-0.393721
1858,-0.437762
1859,-0.338841
1860,0.0820554
1861,0.350499
1862,0.270142
1863,0.637084
1864,0.719647
1865,0.6741
1866,0.696399
1867,0.991769
1868,0.962232
1869,0.995849
1870,0.888566
1871,0.95817
1872,0.800005
1873,0.484083
1874,0.381693
1875,0.201566
1876,0.137093
1877,-0.0296411
1878,-0.439828
1879,-0.707175
1880,-0.559638
1881,-0.712728
1882,-0.716088
1883,-1.07532
1884,-0.928516
1885,-0.797629
1886,-0.83497
1887,-0.747098
1888,-0.853672
1889,-0.841428
1890,-0.767289
1891,-0.378851
1892,-0.0907906
1893,0.0643602
1894,0.291133
1895,0.326794
1896,0.541457
1897,0.626472
1898,0.859717
1899,0.737017
1900,0.928021
1901,1.08136
1902,1.08368
1903,1.04595
1904,0.995161
1905,0.874657
1906,0.986359
1907,0.419436
1908,0.358507
1909,-0.141658
1910,-0.0691181
1911,-0.0423531
1912,-0.386851
1913,-0.634016
1914,-0.800012
1915,-0.683368
1916,-0.700741
1917,-0.883165
1918,-0.986021
1919,-0.874739
1920,-0.932146
1921,-1.05784
1922,-0.740619
1923,-0.660312
1924,-0.484569
1925,-0.385545
1926,-0.0949361
1927,0.236524
1928,0.218209
1929,0.390135
1930,0.729773
1931,0.949289
1932,0.938963
1933,0.749975
1934,0.871385
1935,1.01468
1936,1.06554
1937,0.740834
1938,0.938584
1939,0.735026
1940,0.400172
1941,0.42223
1942,0.164596
1943,-0.182942
1944,-0.0439646
1945,-0.275309
1946,-0.667474
1947,-0.628745
1948,-0.78437
1949,-0.804203
1950,-0.915048
1951,-1.01644
1952,-1.21891
1953,-0.886341
1954,-0.766566
1955,-0.752594
1956,-0.668172
1957,-0.379966
1958,-0.313997
1959,0.0285617
1960,0.0882218
1961,0.286794
1962,0.323796
1963,0.830115
1964,0.731915
1965,1.05073
1966,0.88175
1967,0.818874
1968,1.08386
1969,0.998066
1970,1.03692
1971,0.997943
1972,0.431493
1973,0.487587
1974,0.321916
1975,0.283424
1976,-0.0412812
1977,-0.0604691
1978,-0.330024
1979,-0.470534
1980,-0.565846
1981,-0.747404
1982,-0.904372
1983,-0.880028
1984,-0.863696
1985,-0.873288
1986,-1.11836
1987,-0.791831
1988,-0.958979
1989,-0.483119
1990,-0.763371
1991,-0.272749
1992,-0.0955306
1993,-0.0586293
1994,0.308417
1995,0.534026
1996,0.599567
1997,0.749078
1998,0.622331
1999,0.89663
2000,1.08781
2001,0.885064
2002,0.831675
2003,0.925412
2004,0.907615
2005,0.688986
2006,0.64232
2007,0.673667
2008,0.284532
2009,0.0731968
2010,-0.0726468
2011,0.010049
2012,-0.202248
2013,-0.518918
2014,-0.485411
2015,-0.647953
2016,-1.03371
2017,-0.813413
2018,-1.13668
2019,-0.930308
2020,-0.899069
2021,-0.801733
2022,-0.818467
2023,-0.688211
2024,-0.503419
2025,-0.268292
2026,-0.0839942
2027,0.199343
2028,0.315392
2029,0.473374
2030,0.744514
2031,0.722961
2032,0.891754
2033,1.07678
2034,0.794054
2035,0.971883
2036,0.971435
2037,1.0404
2038,0.894919
2039,0.540922
2040,0.256591
2041,0.355744
2042,0.273993
2043,0.0341622
2044,-0.339117
2045,-0.414085
2046,-0.421837
2047,-0.560239
2048,-0.799224
2049,-0.818691
2050,-1.06038
2051,-0.87063
2052,-0.863257
2053,-0.808869
2054,-0.856568
2055,-0.895301
2056,-0.766945
2057,-0.591249
2058,-0.0444467
2059,-0.131485
2060,-0.0255203
2061,0.427021
2062,0.208056
2063,0.275876
2064,0.616905
2065,0.704828
2066,0.770922
2067,0.873558
2068,1.15757
2069,0.934686
2070,0.976403
2071,0.695977
2072,0.887972
2073,0.595031
2074,0.261175
2075,0.0461842
2076,0.130417
2077,-0.0375691
2078,-0.530032
2079,-0.469619
2080,-0.420795
2081,-0.758402
2082,-0.913906
2083,-0.848593
2084,-1.07064
2085,-0.905369
2086,-0.781191
2087,-0.898195
2088,-0.748633
2089,-0.726947
2090,-0.693251
2091,-0.432322
2092,-0.115645
2093,-0.00905008
2094,-0.0761572
2095,0.401571
2096,0.470201
2097,0.742027
2098,0.685466
2099,0.798124
2100,0.801
2101,1.06505
2102,0.953142
2103,0.873499
2104,0.892856
2105,0.874875
2106,0.628411
2107,0.453412
2108,0.237812
2109,-0.0495785
2110,0.0148577
2111,-0.0647103
2112,-0.372297
2113,-0.421307
2114,-0.522837
2115,-0.741192
2116,-0.876492
2117,-0.869619
2118,-1.15701
2119,-0.886377
2120,-0.894966
2121,-0.875002
2122,-0.647844
2123,-0.499995
2124,-0.443655
2125,-0.159494
2126,0.0760414
2127,0.124771
2128,0.224169
2129,0.695215
2130,0.473746
2131,0.72395
2132,0.750313
2133,0.994413
2134,0.755666
2135,0.808773
2136,1.01233
2137,0.828658
2138,0.834953
2139,0.838201
2140,0.521684
2141,0.522241
2142,-0.021135
2143,0.0442552
2144,-0.270803
2145,-0.293729
2146,-0.57157
2147,-0.714598
2148,-0.542267
2149,-0.933986
2150,-0.849625
2151,-1.06873
2152,-0.920533
2153,-0.926197
2154,-0.808978
2155,-0.758945
2156,-0.547942
2157,-0.550057
2158,-0.557272
2159,-0.08438
2160,-0.0278961
2161,0.284477
2162,0.563602
2163,0.590602
2164,0.796369
2165,0.556313
2166,1.04104
2167,0.960765
2168,1.03241
2169,1.04296
2170,0.830533
2171,0.939172
2172,0.622346
2173,0.711773
2174,0.364797
2175,0.144872
2176,-0.105422
2177,-0.178015
2178,-0.287597
2179,-0.782629
2180,-0.697445
2181,-0.842235
2182,-0.745839
2183,-0.764109
2184,-1.00876
2185,-1.03854
2186,-0.880186
2187,-0.804697
2188,-0.675778
2189,-0.66069
2190,-0.563841
2191,-0.486491
2192,-0.163087
2193,-0.0532504
2194,0.185482
2195,0.544723
2196,0.712596
2197,0.681103
2198,0.785691
2199,0.69329
2200,0.931285
2201,0.763915
2202,1.04186
2203,1.09441
2204,0.949252
2205,0.709459
2206,0.858864
2207,0.412039
2208,0.284478
2209,0.205569
2210,-0.133042
2211,-0.122414
2212,-0.374602
2213,-0.533191
2214,-0.849947
2215,-0.775659
2216,-0.881968
2217,-1.21597
2218,-0.662475
2219,-1.11905
2220,-0.699557
2221,-0.920295
2222,-0.764695
2223,-0.663442
2224,-0.356719
2225,-0.26277
2226,-0.260939
2227,0.00920469
2228,0.212537
2229,0.505859
2230,0.639573
2231,0.607655
2232,0.838011
2233,0.779171
2234,0.865136
2235,0.839817
2236,0.73147
2237,0.779658
2238,0.829091
2239,0.678843
2240,0.56599
2241,0.2725
2242,0.101562
2243,0.0577264
2244,-0.20084
2245,-0.393391
2246,-0.373199
2247,-0.892142
2248,-0.83279
2249,-0.950436
2250,-0.874657
2251,-0.776151
2252,-0.914894
2253,-0.708104
2254,-0.869669
2255,-0.757675
2256,-0.632427
2257,-0.489894
2258,-0.395136
2259,-0.062846
2260,0.156858
2261,0.468456
2262,0.385033
2263,0.488774
2264,0.640904
2265,0.897362
2266,0.942556
2267,0.708366
2268,0.865723
2269,0.918632
2270,1.10567
2271,0.940658
2272,0.731393
2273,0.671664
2274,0.47967
2275,0.289171
2276,-0.135283
2277,-0.203821
2278,-0.296548
2279,-0.435934
2280,-0.67074
2281,-0.73369
2282,-0.916636
2283,-1.12352
2284,-1.00642
2285,-1.04505
2286,-0.908161
2287,-0.830884
2288,-0.969365
2289,-0.863508
2290,-0.76795
2291,-0.221699
2292,-0.263203
2293,-0.0720254
2294,0.00014732
2295,0.466459
2296,0.387066
2297,0.704405
2298,0.61338
2299,0.951093
2300,0.918707
2301,0.922116
2302,1.16552
2303,0.882461
2304,0.779175
2305,0.667465
2306,0.610242
2307,0.348896
2308,0.36266
2309,0.259816
2310,-0.0280541
2311,-0.303915
2312,-0.243302
2313,-0.525021
2314,-0.780662
2315,-0.796124
2316,-0.756846
2317,-0.734845
2318,-0.97693
2319,-0.77472
2320,-0.976075
2321,-0.694703
2322,-0.887874
2323,-0.552979
2324,-0.335846
2325,-0.0694303
2326,0.00931513
2327,0.00798717
2328,0.192257
2329,0.483222
2330,0.497718
2331,0.802449
2332,0.818004
2333,0.915216
2334,1.06982
2335,1.12085
2336,1.06494
2337,0.81705
2338,0.677045
2339,0.678324
2340,0.725341
2341,0.485275
2342,0.1859
2343,0.00257365
2344,-0.0785833
2345,-0.178391
2346,-0.59346
2347,-0.323169
2348,-0.701038
2349,-0.888594
2350,-0.948311
2351,-1.00829
2352,-0.911437
2353,-0.908409
2354,-0.701027
2355,-0.865731
2356,-0.73638
2357,-0.460534
2358,-0.0237194
2359,-0.248413
2360,-0.131855
2361,0.336174
2362,0.503361
2363,0.510145
2364,0.763027
2365,1.04349
2366,1.0022
2367,1.11086
2368,0.870249
2369,0.906701
2370,0.906477
2371,0.836763
2372,0.555724
2373,0.500483
2374,0.515044
2375,0.210082
2376,0.0449238
2377,-0.0874625
2378,-0.341711
2379,-0.435896
2380,-0.760041
2381,-0.603012
2382,-1.01875
2383,-0.795499
2384,-1.01167
2385,-0.998216
2386,-1.13529
2387,-0.958081
2388,-0.785216
2389,-0.890441
2390,-0.489338
2391,-0.431153
2392,-0.291743
2393,-0.166349
2394,0.228458
2395,0.267262
2396,0.642766
2397,0.761211
2398,0.944265
2399,0.911617
2400,0.782334
2401,0.962245
2402,1.01229
2403,0.734413
2404,0.62499
2405,0.760608
2406,0.448843
2407,0.328879
2408,0.719043
2409,0.0905502
2410,-0.203775
2411,-0.192737
2412,-0.406316
2413,-0.369438
2414,-0.790875
2415,-1.0239
2416,-1.05121
2417,-0.792845
2418,-0.831472
2419,-0.931347
2420,-0.870257
2421,-0.762352
2422,-0.779838
2423,-0.725273
2424,-0.718068
2425,-0.224746
2426,-0.0649253
2427,-0.0394459
2428,0.165152
2429,0.434723
2430,0.494451
2431,0.666509
2432,0.568633
2433,0.921543
2434,0.876449
2435,1.02417
2436,1.13724
2437,0.933984
2438,0.765826
2439,1.04946
2440,0.591991
2441,0.524639
2442,0.112961
2443,0.0163429
2444,-0.154059
2445,-0.160975
2446,-0.493799
2447,-0.782336
2448,-0.904861
2449,-0.577212
2450,-0.878105
2451,-0.658672
2452,-0.955653
2453,-1.04198
2454,-1.04711
2455,-0.809212
2456,-0.513895
2457,-0.590562
2458,-0.397136
2459,0.145052
2460,0.070532
2461,0.373332
2462,0.484369
2463,0.617804
2464,0.787054
2465,1.00757
2466,0.963645
2467,1.01384
2468,0.863547
2469,1.03814
2470,1.05801
2471,0.894726
2472,0.893372
2473,0.477736
2474,0.30246
2475,0.501108
2476,0.182111
2477,-0.380225
2478,-0.240535
2479,-0.4654
2480,-0.706605
2481,-0.710442
2482,-0.911106
2483,-0.943485
2484,-1.02498
2485,-0.966671
2486,-0.912497
2487,-0.960343
2488,-0.781211
2489,-0.659176
2490,-0.549598
2491,-0.428292
2492,-0.227466
2493,0.00863539
2494,-0.0265421
2495,0.20022
2496,0.626956
2497,0.626019
2498,0.562265
2499,0.609334
2500,0.934728
2501,1.03324
2502,0.79681
2503,0.503855
2504,1.01068
2505,0.78091
2506,0.723349
2507,0.377178
2508,0.310453
2509,0.370641
2510,0.0768424
2511,-0.159629
2512,-0.208918
2513,-0.607833
2514,-0.655394
2515,-1.07593
2516,-0.970402
2517,-0.953586
2518,-1.04145
2519,-1.09297
2520,-1.09081
2521,-0.802627
2522,-0.795531
2523,-0.600324
2524,-0.516314
2525,-0.147779
2526,-0.0131231
2527,0.124531
2528,0.359478
2529,0.43477
2530,0.712552
2531,0.658326
2532,0.896295
2533,0.747939
2534,0.854356
2535,1.09917
2536,0.844849
2537,0.920631
2538,0.57352
2539,0.724305
2540,0.411986
2541,0.246686
2542,0.100534
2543,-0.0711556
2544,-0.297331
2545,-0.121507
2546,-0.518918
2547,-0.548734
2548,-0.746645
2549,-0.878958
2550,-1.11213
2551,-1.07983
2552,-1.14357
2553,-0.821606
2554,-0.878549
2555,-0.685008
2556,-0.62819
2557,-0.599375
2558,-0.240107
2559,-0.180767
2560,0.0203116
2561,0.460954
2562,0.496407
2563,0.58915
2564,0.694065
2565,0.646964
2566,0.947964
2567,0.744726
2568,0.871303
2569,1.27484
2570,1.01343
2571,0.742802
2572,0.621316
2573,0.49403
2574,0.273745
2575,0.149532
2576,0.061209
2577,-0.182552
2578,-0.448373
2579,-0.268938
2580,-0.569301
2581,-0.73641
2582,-0.835948
2583,-0.764282
2584,-0.848787
2585,-0.855725
2586,-0.858443
2587,-0.946787
2588,-0.766144
2589,-0.748257
2590,-0.470888
2591,-0.42268
2592,-0.265395
2593,0.0546492
2594,0.0157888
2595,0.274392
2596,0.806039
2597,0.736913
2598,0.807166
2599,0.826605
2600,0.578064
2601,0.866888
2602,1.08106
2603,0.911918
2604,0.85565
2605,0.661715
2606,0.254876
2607,0.405052
2608,0.424171
2609,0.165532
2610,0.103558
2611,-0.22707
2612,-0.275465
2613,-0.5827
2614,-0.772878
2615,-0.696831
2616,-1.0327
2617,-1.09963
2618,-1.01106
2619,-0.968342
2620,-0.780286
2621,-0.95211
2622,-0.856167
2623,-0.64588
2624,-0.222974
2625,-0.334696
2626,-0.128014
2627,0.0670196
2628,0.208333
2629,0.596163
2630,0.523642
2631,0.669467
2632,0.723623
2633,0.782606
2634,0.961204
2635,0.940586
2636,0.848253
2637,0.77969
2638,0.914065
2639,0.84437
2640,0.560654
2641,0.607498
2642,0.114685
2643,0.184336
2644,-0.347821
2645,-0.0975637
2646,-0.542973
2647,-0.678853
2648,-0.821395
2649,-0.968702
2650,-0.961837
2651,-0.765255
2652,-0.956348
2653,-0.890535
2654,-0.933899
2655,-0.762401
2656,-0.705834
2657,-0.411675
2658,-0.438553
2659,-0.0787569
2660,0.133698
2661,0.235271
2662,0.54136
2663,0.685035
2664,0.695014
2665,0.70363
2666,1.03123
2667,0.929388
2668,0.859222
2669,1.25879
2670,0.90852
2671,0.873548
2672,0.694428
2673,0.451934
2674,0.595234
2675,0.208979
2676,0.0361271
2677,-0.279731
2678,-0.188062
2679,-0.478825
2680,-0.545851
2681,-0.740798
2682,-0.768111
2683,-0.936233
2684,-1.11949
2685,-1.0059
2686,-0.763538
2687,-0.822915
2688,-0.782431
2689,-0.639536
2690,-0.518526
2691,-0.27559
2692,-0.317394
2693,-0.155611
2694,0.0496221
2695,0.496416
2696,0.400776
2697,0.699911
2698,0.746592
2699,1.03598
2700,0.801901
2701,0.925847
2702,1.11896
2703,0.962333
2704,0.77124
2705,0.759774
2706,0.669014
2707,0.546607
2708,0.229934
2709,0.0311341
2710,0.0793713
2711,-0.327896
2712,-0.410884
2713,-0.714921
2714,-0.884693
2715,-0.843474
2716,-0.851417
2717,-0.926709
2718,-1.03154
2719,-0.970134
2720,-0.83784
2721,-0.873324
2722,-0.872476
2723,-0.51117
2724,-0.434176
2725,-0.423835
2726,-0.13766
2727,-0.158178
2728,0.246503
2729,0.58684
2730,0.722506
2731,0.92272
2732,0.943279
2733,0.812451
2734,0.783661
2735,0.961938
2736,0.860337
2737,0.90909
2738,0.836948
2739,0.509362
2740,0.674641
2741,0.447417
2742,0.0808873
2743,0.0185371
2744,-0.248853
2745,-0.286785
2746,-0.677508
2747,-0.500252
2748,-0.696677
2749,-0.970946
2750,-1.00995
2751,-0.944544
2752,-0.885178
2753,-0.974511
2754,-0.933925
2755,-0.986974
2756,-0.451959
2757,-0.390721
2758,-0.595569
2759,-0.216612
2760,0.0361816
2761,0.264639
2762,0.26055
2763,0.380927
2764,0.769215
2765,0.788892
2766,0.838724
2767,1.06218
2768,0.99227
2769,0.880863
2770,0.836202
2771,0.86751
2772,0.607136
2773,0.464549
2774,0.414091
2775,0.132417
2776,-0.0165619
2777,0.0364264
2778,-0.402532
2779,-0.523867
2780,-0.725129
2781,-0.846652
2782,-0.920331
2783,-0.823723
2784,-0.916757
2785,-1.01466
2786,-0.726686
2787,-0.806701
2788,-0.835091
2789,-0.686308
2790,-0.655336
2791,-0.155939
2792,-0.279258
2793,-0.0505929
2794,0.087126
2795,0.40205
2796,0.561471
2797,0.47804
2798,0.868939
2799,0.997042
2800,0.749398
2801,1.12525
2802,1.01714
2803,0.812074
2804,0.86543
2805,0.776192
2806,0.821892
2807,0.346039
2808,0.256879
2809,0.0951176
2810,-0.0194327
2811,-0.163188
2812,-0.288924
2813,-0.408412
2814,-0.75594
2815,-0.702053
2816,-0.99187
2817,-0.846662
2818,-0.968742
2819,-0.911902
2820,-0.731574
2821,-0.732494
2822,-0.813521
2823,-0.601218
2824,-0.414922
2825,-0.185983
2826,0.0929626
2827,-0.094096
2828,0.431377
2829,0.493794
2830,0.597378
2831,0.854138
2832,0.880886
2833,0.705729
2834,1.00094
2835,0.892572
2836,0.80403
2837,0.944214
2838,0.823988
2839,0.585749
2840,0.566488
2841,0.270249
2842,-0.0152177
2843,-0.199666
2844,-0.208583
2845,-0.152152
2846,-0.630802
2847,-0.724969
2848,-0.611353
2849,-1.06318
2850,-0.912617
2851,-1.06296
2852,-0.822022
2853,-0.938701
2854,-0.939026
2855,-0.732157
2856,-0.44837
2857,-0.616484
2858,-0.370527
2859,-0.0769673
2860,-0.016299
2861,0.145999
2862,0.132954
2863,0.44826
2864,0.655835
2865,0.771511
2866,1.01733
2867,0.767026
2868,0.920828
2869,0.886324
2870,0.986239
2871,0.952958
2872,0.90441
2873,0.764495
2874,0.385088
2875,0.251207
2876,0.12985
2877,-0.0426743
2878,-0.384788
2879,-0.574644
2880,-0.71187
2881,-0.862108
2882,-0.692106
2883,-1.08737
2884,-1.12618
2885,-0.953591
2886,-0.890532
2887,-0.897499
2888,-0.73267
2889,-0.552262
2890,-0.604763
2891,-0.406647
2892,-0.218596
2893,-0.145617
2894,0.148974
2895,0.446062
2896,0.671441
2897,0.854863
2898,0.968196
2899,0.954804
2900,0.852332
2901,0.818937
2902,0.913068
2903,0.994593
2904,0.915747
2905,0.639989
2906,0.76222
2907,0.559002
2908,0.16922
2909,0.203903
2910,0.0102632
2911,0.0209069
2912,0.0214373
2913,-0.626411
2914,-0.614104
2915,-0.840129
2916,-0.923751
2917,-0.792421
2918,-0.97491
2919,-0.827658
2920,-0.803657
2921,-0.73946
2922,-0.435948
2923,-0.547174
2924,-0.430643
2925,-0.184706
2926,-0.121055
2927,0.286309
2928,0.188082
2929,0.49754
2930,0.662362
2931,0.906607
2932,0.954087
2933,0.815114
2934,0.996143
2935,0.898383
2936,1.12638
2937,1.09137
2938,0.69337
2939,0.56507
2940,0.540103
2941,0.41948
2942,0.180367
2943,0.134951
2944,-0.304176
2945,-0.361055
2946,-0.40512
2947,-0.575357
2948,-0.553757
2949,-0.861996
2950,-0.926696
2951,-0.983589
2952,-0.98443
2953,-1.00776
2954,-0.841524
2955,-0.675018
2956,-0.30324
2957,-0.554416
2958,-0.420809
2959,-0.132224
2960,0.111839
2961,0.414393
2962,0.0149761
2963,0.498615
2964,0.765233
2965,0.83172
2966,0.774311
2967,0.855887
2968,0.963369
2969,0.999474
2970,1.13789
2971,0.916625
2972,0.888492
2973,0.61235
2974,0.492204
2975,0.292058
2976,0.109036
2977,0.0749088
2978,-0.399854
2979,-0.338253
2980,-0.635901
2981,-0.762606
2982,-0.74693
2983,-0.96464
2984,-0.919015
2985,-1.1944
2986,-0.949862
2987,-0.840347
2988,-0.839142
2989,-0.75685
2990,-0.473893
2991,-0.514095
2992,-0.233835
2993,0.0446005
2994,0.0630942
2995,0.42052
2996,0.494834
2997,0.814754
2998,0.797829
2999,0.595495
3000,1.01426
3001,1.02495
3002,0.900763
3003,0.932357
3004,0.932189
3005,0.872603
3006,0.626868
3007,0.723271
3008,0.405306
3009,-0.107771
3010,-0.0447519
3011,-0.167653
3012,-0.349567
3013,-0.649758
3014,-0.759516
3015,-0.649474
3016,-0.796954
3017,-1.03969
3018,-0.876817
3019,-0.889407
3020,-0.692099
3021,-0.896332
3022,-0.674486
3023,-0.760506
3024,-0.452977
3025,-0.220152
3026,-0.241857
3027,0.0831355
3028,0.233252
3029,0.54753
3030,0.338412
3031,0.747131
3032,0.783474
3033,1.06457
3034,0.961628
3035,0.933525
3036,1.11875
3037,0.784881
3038,0.765482
3039,0.716408
3040,0.68882
3041,0.566481
3042,0.342735
3043,0.237052
3044,-0.0985572
3045,-0.24456
3046,-0.216242
3047,-0.594491
3048,-0.607827
3049,-0.964238
3050,-0.87405
3051,-0.837834
3052,-0.895798
3053,-0.939081
3054,-0.98094
3055,-0.867036
3056,-0.37365
3057,-0.655711
3058,-0.327718
3059,-0.131924
3060,0.0642431
3061,0.15883
3062,0.51707
3063,0.556442
3064,0.635905
3065,0.885044
3066,0.934243
3067,1.14857
3068,0.833841
3069,0.914496
3070,0.805761
3071,0.880142
3072,0.757051
3073,0.662998
3074,0.393494
3075,0.349935
3076,0.0829371
3077,-0.0939546
3078,-0.219415
3079,-0.56946
3080,-0.650606
3081,-0.721413
3082,-0.782445
3083,-0.841698
3084,-0.846854
3085,-1.00732
3086,-0.963308
3087,-0.995204
3088,-0.632017
3089,-0.786863
3090,-0.459346
3091,-0.31189
3092,-0.234139
3093,0.067372
3094,0.14185
3095,0.352448
3096,0.455939
3097,0.512492
3098,0.948684
3099,0.963825
3100,0.977608
3101,1.02249
3102,0.929459
3103,1.15079
3104,0.760939
3105,0.628027
3106,0.466206
3107,0.678522
3108,0.261397
3109,0.11261
3110,0.225887
3111,0.00135107
3112,-0.400848
3113,-0.461537
3114,-0.923548
3115,-0.791688
3116,-1.07965
3117,-0.848475
3118,-0.876231
3119,-1.00093
3120,-0.829413
3121,-1.04268
3122,-0.722211
3123,-0.724092
3124,-0.35283
3125,-0.188394
3126,-0.0964131
3127,0.0258252
3128,0.330795
3129,0.412385
3130,0.649674
3131,0.559701
3132,0.890579
3133,1.05966
3134,0.742993
3135,1.16326
3136,0.920156
3137,1.04562
3138,0.595878
3139,0.621048
3140,0.472905
3141,0.333152
3142,0.236917
3143,-0.00177998
3144,-0.315562
3145,-0.310543
3146,-0.540605
3147,-0.599103
3148,-0.831175
3149,-0.980105
3150,-0.766641
3151,-1.00082
3152,-1.2213
3153,-0.625718
3154,-0.927066
3155,-0.57969
3156,-0.743879
3157,-0.649284
3158,-0.298145
3159,-0.130519
3160,0.0329501
3161,0.134182
3162,0.385703
3163,0.312767
3164,0.478735
3165,0.55074
3166,0.823462
3167,0.95204
3168,0.597897
3169,0.874612
3170,0.75853
3171,0.885302
3172,0.915994
3173,0.547698
3174,0.44259
3175,0.288978
3176,0.168465
3177,-0.000913947
3178,-0.351277
3179,-0.471226
3180,-0.843733
3181,-0.946851
3182,-0.667615
3183,-0.715724
3184,-0.776554
3185,-0.758195
3186,-1.00557
3187,-0.86537
3188,-0.883979
3189,-0.80716
3190,-0.453393
3191,-0.181576
3192,-0.363563
3193,0.139514
3194,0.205746
3195,-0.0019853
3196,0.71179
3197,0.634182
3198,0.957303
3199,0.853485
3200,0.785896
3201,0.858293
3202,0.82337
3203,1.00113
3204,0.773762
3205,0.85279
3206,0.471944
3207,0.376482
3208,0.370255
3209,0.39104
3210,-0.098425
3211,-0.163507
3212,-0.422883
3213,-0.646696
3214,-0.62321
3215,-0.692251
3216,-1.05146
3217,-1.03851
3218,-0.937122
3219,-0.955839
3220,-0.771814
3221,-0.750369
3222,-0.751859
3223,-0.443168
3224,-0.436198
3225,-0.177603
3226,-0.211045
3227,0.167009
3228,0.138877
3229,0.382137
3230,0.318422
3231,0.86643
3232,1.05406
3233,0.99303
3234,0.783105
3235,0.798156
3236,1.10928
3237,0.735565
3238,0.894259
3239,0.435247
3240,0.471267
3241,0.339801
3242,0.174524
3243,0.0521949
3244,-0.387113
3245,-0.35123
3246,-0.668132
3247,-0.72345
3248,-0.789007
3249,-0.737642
3250,-0.980077
3251,-0.887885
3252,-0.972323
3253,-1.06069
3254,-0.829157
3255,-0.679338
3256,-0.562281
3257,-0.340097
3258,-0.455399
3259,-0.215458
3260,0.105287
3261,0.275438
3262,0.447611
3263,0.685948
3264,0.416798
3265,0.944118
3266,0.660832
3267,1.03971
3268,0.956361
3269,0.942422
3270,0.99985
3271,0.994496
3272,0.614032
3273,0.672526
3274,0.448842
3275,0.249224
3276,0.135373
3277,-0.114478
3278,-0.206021
3279,-0.431823
3280,-0.651451
3281,-0.619492
3282,-0.758786
3283,-0.906913
3284,-1.06077
3285,-0.848075
3286,-1.02559
3287,-0.736336
3288,-0.807683
3289,-0.707968
3290,-0.424903
3291,-0.242384
3292,-0.242024
3293,0.0127467
3294,0.086165
3295,0.39076
3296,0.573488
3297,0.632307
3298,0.731918
3299,0.75961
3300,0.834165
3301,1.15457
3302,0.974742
3303,0.745382
3304,0.868465
3305,0.739475
3306,0.723094
3307,0.528396
3308,0.567208
3309,-0.00594734
3310,-0.151938
3311,-0.198793
3312,-0.33104
3313,-0.430958
3314,-0.786397
3315,-1.04507
3316,-1.02246
3317,-0.857046
3318,-0.906264
3319,-0.994727
3320,-0.957001
3321,-0.981102
3322,-0.815416
3323,-0.654824
3324,-0.486813
3325,-0.281201
3326,-0.0413182
3327,0.162575
3328,0.267138
3329,0.42526
3330,0.41318
3331,0.809538
3332,0.94025
3333,1.23095
3334,0.650217
3335,0.941353
3336,1.31686
3337,1.01284
3338,0.631179
3339,0.733851
3340,0.56543
3341,0.52116
3342,0.151045
3343,-0.020727
3344,-0.27703
3345,-0.377459
3346,-0.506452
3347,-0.794232
3348,-0.837399
3349,-1.23374
3350,-0.868413
3351,-0.969196
3352,-1.0387
3353,-0.86703
3354,-0.975364
3355,-0.72405
3356,-0.46886
3357,-0.408057
3358,-0.608703
3359,-0.159169
3360,-0.0618374
3361,0.171475
3362,0.502617
3363,0.766376
3364,0.724419
3365,0.70189
3366,0.791377
3367,0.97983
3368,1.06794
3369,0.895103
3370,1.08439
3371,0.666077
3372,0.697676
3373,0.662905
3374,0.466636
3375,0.22111
3376,-0.0358333
3377,0.0431626
3378,-0.278962
3379,-0.647776
3380,-0.581266
3381,-0.502661
3382,-0.858093
3383,-0.845883
3384,-0.946734
3385,-0.896683
3386,-0.994597
3387,-1.24175
3388,-0.749447
3389,-0.608412
3390,-0.251251
3391,-0.215334
3392,-0.307953
3393,-0.00947057
3394,0.206785
3395,0.545751
3396,0.716504
3397,0.786591
3398,0.615586
3399,0.760885
3400,0.90198
3401,1.06618
3402,0.847158
3403,0.908781
3404,0.940042
3405,0.843108
3406,0.543694
3407,0.549227
3408,0.283597
3409,0.199015
3410,-0.118848
3411,-0.257351
3412,-0.25799
3413,-0.623536
3414,-0.606638
3415,-0.780898
3416,-0.640109
3417,-0.991292
3418,-1.01226
3419,-0.971626
3420,-0.858674
3421,-0.881918
3422,-0.790466
3423,-0.351879
3424,-0.337685
3425,-0.341865
3426,-0.000842888
3427,0.0843213
3428,0.297262
3429,0.572675
3430,0.568205
3431,0.615647
3432,0.905435
3433,0.980194
3434,1.08052
3435,0.733294
3436,0.988477
3437,0.783685
3438,0.772156
3439,0.69314
3440,0.631324
3441,0.319177
3442,0.187753
3443,0.0994675
3444,-0.110608
3445,-0.343691
3446,-0.816453
3447,-0.701901
3448,-0.911562
3449,-0.981365
3450,-0.909999
3451,-1.15474
3452,-0.76689
3453,-1.00668
3454,-0.87144
3455,-0.772767
3456,-0.537952
3457,-0.364968
3458,-0.187057
3459,-0.0139564
3460,-0.1576
3461,0.27853
3462,0.470277
3463,0.649892
3464,0.624535
3465,0.801143
3466,0.80176
3467,1.00596
3468,1.11236
3469,1.05618
3470,0.871339
3471,0.89239
3472,0.980524
3473,0.558084
3474,0.601604
3475,0.179551
3476,0.00265434
3477,-0.112295
3478,-0.322889
3479,-0.531792
3480,-0.525191
3481,-0.685043
3482,-0.860639
3483,-0.952748
3484,-0.867591
3485,-0.951754
3486,-1.02425
3487,-0.889717
3488,-0.845805
3489,-0.574747
3490,-0.582368
3491,-0.395593
3492,-0.224282
3493,0.113919
3494,0.179419
3495,0.0592352
3496,0.578618
3497,0.685023
3498,0.800729
3499,0.910973
3500,0.859798
3501,0.98215
3502,0.927338
3503,0.791324
3504,0.783749
3505,0.694059
3506,0.72251
3507,0.482415
3508,0.386671
3509,0.104865
3510,0.0161257
3511,-0.259782
3512,-0.261189
3513,-0.622336
3514,-0.848288
3515,-0.88396
3516,-0.858383
3517,-0.740092
3518,-1.00932
3519,-1.0605
3520,-0.972666
3521,-0.680696
3522,-0.687283
3523,-0.67343
3524,-0.385395
3525,-0.16328
3526,-0.00346533
3527,0.261672
3528,0.314246
3529,0.4449
3530,0.553698
3531,0.720321
3532,0.781247
3533,1.14972
3534,1.14942
3535,0.764794
3536,1.02875
3537,0.897427
3538,0.875109
3539,0.662103
3540,0.802818
3541,0.362447
3542,0.171913
3543,-0.184257
3544,-0.139728
3545,-0.334882
3546,-0.336652
3547,-0.695479
3548,-0.626718
3549,-0.86039
3550,-1.07052
3551,-0.880534
3552,-0.962455
3553,-0.842637
3554,-0.779012
3555,-0.756325
3556,-0.827577
3557,-0.657869
3558,-0.399556
3559,-0.166061
3560,0.0955728
3561,0.285113
3562,0.540769
3563,0.666959
3564,0.599485
3565,0.804951
3566,0.886999
3567,1.10573
3568,1.0644
3569,0.942151
3570,0.951402
3571,0.726797
3572,0.816045
3573,0.480273
3574,0.527693
3575,0.171204
3576,0.182646
3577,-0.0870297
3578,-0.201095
3579,-0.454106
3580,-0.569623
3581,-0.671115
3582,-0.780121
3583,-0.965392
3584,-1.09579
3585,-0.776383
3586,-1.01528
3587,-0.979187
3588,-0.669432
3589,-0.797
3590,-0.603999
3591,-0.325663
3592,-0.0420593
3593,-0.292417
3594,-0.066666
3595,0.273729
3596,0.483325
3597,0.739308
3598,0.740958
3599,0.979405
3600,0.979452
3601,1.11235
3602,0.899643
3603,0.913184
3604,0.614932
3605,0.759816
3606,0.59069
3607,0.404466
3608,0.192501
3609,0.201327
3610,-0.125
3611,-0.125362
3612,-0.383206
3613,-0.492794
3614,-0.541578
3615,-0.757492
3616,-0.916508
3617,-0.980077
3618,-1.15001
3619,-0.967445
3620,-1.24759
3621,-0.825855
3622,-0.877947
3623,-0.7178
3624,-0.433193
3625,-0.299927
3626,0.060925
3627,-0.0506404
3628,0.366169
3629,0.396265
3630,0.721109
3631,0.877448
3632,0.750319
3633,0.76102
3634,0.976619
3635,1.20868
3636,1.07159
3637,0.708688
3638,0.83463
3639,0.528046
3640,0.593799
3641,0.409063
3642,0.0631792
3643,0.0328096
3644,-0.185829
3645,-0.504326
3646,-0.511137
3647,-0.639541
3648,-0.865055
3649,-1.02297
3650,-1.1303
3651,-1.26038
3652,-0.901194
3653,-0.910005
3654,-0.987697
3655,-0.824032
3656,-0.46719
3657,-0.29797
3658,-0.265182
3659,-0.176233
3660,0.232094
3661,0.117029
3662,0.303997
3663,0.592147
3664,0.677424
3665,0.724267
3666,1.118
3667,1.01699
3668,1.12581
3669,1.17834
3670,1.03518
3671,0.591476
3672,0.632283
3673,0.561642
3674,0.632987
3675,0.214257
3676,0.167787
3677,-0.194591
3678,-0.439665
3679,-0.201203
3680,-0.517247
3681,-1.01103
3682,-0.681802
3683,-1.08401
3684,-1.1266
3685,-0.938713
3686,-0.910485
3687,-0.804998
3688,-0.588196
3689,-0.672799
3690,-0.629464
3691,-0.386388
3692,-0.135893
3693,-0.0758241
3694,0.0643538
3695,0.655538
3696,0.281359
3697,0.546974
3698,0.79015
3699,0.762041
3700,0.816416
3701,1.13718
3702,1.02544
3703,1.14794
3704,0.962064
3705,0.757078
3706,0.545175
3707,0.405592
3708,0.361178
3709,0.130461
3710,-0.175148
3711,-0.108307
3712,-0.675471
3713,-0.566296
3714,-0.672895
3715,-0.863643
3716,-1.18762
3717,-0.904418
3718,-0.836072
3719,-0.998084
3720,-0.773877
3721,-0.91726
3722,-0.461628
3723,-0.411444
3724,-0.714691
3725,-0.256577
3726,0.0710977
3727,0.122071
3728,0.173606
3729,0.29765
3730,0.544604
3731,0.816893
3732,0.656015
3733,1.00855
3734,1.06066
3735,0.792606
3736,0.868669
3737,0.727496
3738,0.585953
3739,0.539844
3740,0.673944
3741,0.245402
3742,0.11645
3743,-0.0539244
3744,-0.0932213
3745,-0.540609
3746,-0.508552
3747,-0.361107
3748,-0.894173
3749,-0.694562
3750,-0.939354
3751,-0.954901
3752,-0.827006
3753,-0.931655
3754,-0.89118
3755,-0.728247
3756,-0.751415
3757,-0.440375
3758,-0.251435
3759,-0.226431
3760,0.134263
3761,0.233371
3762,0.509013
3763,0.611745
3764,0.448245
3765,0.848432
3766,0.719599
3767,0.993918
3768,1.01179
3769,0.872166
3770,1.1518
3771,0.920494
3772,0.672531
3773,0.486957
3774,0.650151
3775,0.17553
3776,-0.0366562
3777,-0.233513
3778,-0.426611
3779,-0.354091
3780,-0.534792
3781,-0.936949
3782,-0.929339
3783,-0.742495
3784,-0.96034
3785,-0.858442
3786,-0.915564
3787,-0.758916
3788,-0.751065
3789,-0.588524
3790,-0.397492
3791,-0.476333
3792,-0.496736
3793,-0.0521436
3794,0.0267167
3795,0.322291
3796,0.631206
3797,0.639648
3798,0.904912
3799,0.793459
3800,1.02001
3801,1.08969
3802,0.984871
3803,0.965657
3804,0.927324
3805,0.769565
3806,0.713977
3807,0.600895
3808,0.291296
3809,0.142837
3810,-0.015311
3811,-0.195097
3812,-0.355277
3813,-0.529466
3814,-0.838641
3815,-0.906267
3816,-0.87435
3817,-0.948722
3818,-0.866408
3819,-0.81665
3820,-0.928631
3821,-0.786235
3822,-0.776854
3823,-0.436203
3824,-0.675279
3825,-0.262838
3826,-0.356511
3827,0.259194
3828,0.38261
3829,0.540528
3830,0.535107
3831,0.815179
3832,0.808872
3833,0.462491
3834,0.990689
3835,0.891444
3836,0.950859
3837,0.936824
3838,0.589424
3839,0.488351
3840,0.265748
3841,0.400031
3842,0.19602
3843,0.0210928
3844,-0.311163
3845,-0.481696
3846,-0.608722
3847,-0.70573
3848,-0.55886
3849,-0.943524
3850,-1.03308
3851,-1.07066
3852,-1.02803
3853,-0.854459
3854,-0.706951
3855,-0.75539
3856,-0.827859
3857,-0.522119
3858,-0.510822
3859,-0.0227924
3860,-0.190023
3861,0.166359
3862,0.273413
3863,0.83034
3864,0.549788
3865,0.85261
3866,0.815963
3867,0.85054
3868,1.24239
3869,1.04258
3870,0.598804
3871,0.563925
3872,0.751564
3873,0.439445
3874,0.332613
3875,0.297642
3876,-0.047109
3877,0.0333254
3878,-0.25163
3879,-0.635882
3880,-0.721141
3881,-0.768854
3882,-1.04261
3883,-1.02445
3884,-0.742529
3885,-0.997979
3886,-1.15762
3887,-1.12977
3888,-0.912919
3889,-0.602029
3890,-0.522285
3891,-0.460422
3892,-0.237621
3893,-0.0267515
3894,0.0738128
3895,0.398889
3896,0.641951
3897,0.793911
3898,0.714819
3899,0.739304
3900,0.91871
3901,0.913609
3902,0.882383
3903,0.898173
3904,0.980456
3905,0.681879
3906,0.700163
3907,0.548633
3908,0.625494
3909,0.148068
3910,-0.0820397
3911,-0.346951
3912,-0.457333
3913,-0.509166
3914,-0.757094
3915,-0.731858
3916,-0.714632
3917,-0.857847
3918,-0.78774
3919,-0.823584
3920,-0.732357
3921,-0.66814
3922,-0.611551
3923,-0.455312
3924,-0.35893
3925,-0.382271
3926,0.104567
3927,0.10696
3928,0.355604
3929,0.52644
3930,0.501973
3931,0.768431
3932,0.476341
3933,0.6559
3934,0.884574
3935,0.934509
3936,0.761953
3937,0.733538
3938,0.750289
3939,0.718714
3940,0.783528
3941,0.482605
3942,0.202642
3943,0.0389361
3944,-0.128315
3945,-0.281099
3946,-0.465377
3947,-0.730496
3948,-0.836293
3949,-0.739634
3950,-0.903644
3951,-1.10234
3952,-0.927237
3953,-1.18707
3954,-0.975944
3955,-0.783937
3956,-0.563068
3957,-0.271999
3958,0.0222387
3959,-0.260115
3960,-0.0131421
3961,0.198615
3962,0.366862
3963,0.563394
3964,0.703034
3965,0.6258
3966,0.961454
3967,0.954985
3968,0.961653
3969,1.19024
3970,0.828009
3971,0.842406
3972,0.660778
3973,0.728217
3974,0.639927
3975,0.0433292
3976,0.157736
3977,-0.216381
3978,-0.274798
3979,-0.517636
3980,-0.558858
3981,-0.900467
3982,-0.84186
3983,-0.896224
3984,-1.07499
3985,-0.812715
3986,-1.1329
3987,-0.679913
3988,-0.779677
3989,-0.688646
3990,-0.595901
3991,-0.51888
3992,-0.103179
3993,-0.101046
3994,0.208318
3995,0.371985
3996,0.585655
3997,0.820884
3998,0.741405
3999,1.17511
4000,0.786583
4001,0.914507
4002,0.877575
4003,1.01803
4004,0.830634
4005,0.71434
4006,0.522293
4007,0.334711
4008,0.197075
4009,0.352727
4010,0.0637576
4011,-0.157577
4012,-0.220831
4013,-0.561544
4014,-0.758
4015,-0.800389
4016,-0.623216
4017,-1.03049
4018,-1.073
4019,-1.11236
4020,-0.528227
4021,-0.987464
4022,-0.636232
4023,-0.567615
4024,-0.403538
4025,-0.131373
4026,-0.308585
4027,0.114766
4028,0.136328
4029,0.415669
4030,0.821843
4031,0.761781
4032,0.837753
4033,0.97916
4034,1.12041
4035,1.08108
4036,0.905551
4037,1.06208
4038,0.817323
4039,0.762543
4040,0.663567
4041,0.359561
4042,0.197717
4043,0.0577821
4044,-0.138949
4045,-0.392311
4046,-0.470002
4047,-0.672733
4048,-0.605984
4049,-0.926531
4050,-1.03572
4051,-0.970297
4052,-1.08995
4053,-1.05039
4054,-1.05364
4055,-0.358558
4056,-1.01763
4057,-0.619151
4058,-0.13015
4059,-0.424465
4060,0.0790007
4061,0.176843
4062,0.434053
4063,0.611661
4064,0.689639
4065,0.769457
4066,0.954509
4067,0.978501
4068,1.12003
4069,1.06903
4070,1.07272
4071,0.639371
4072,0.721956
4073,0.481505
4074,0.312277
4075,0.215398
4076,-0.0170967
4077,-0.000353306
4078,-0.362017
4079,-0.598302
4080,-0.681531
4081,-0.762853
4082,-1.00107
4083,-0.838012
4084,-0.834314
4085,-0.964599
4086,-0.670258
4087,-0.932012
4088,-0.85528
4089,-0.516497
4090,-0.503015
4091,-0.401956
4092,-0.256319
4093,0.336763
4094,0.314862
4095,0.4425
4096,0.409207
4097,0.743968
4098,0.657105
4099,0.731717
4100,0.896526
4101,0.791337
4102,0.891296
4103,0.939065
4104,0.728088
4105,0.876984
4106,0.711666
4107,0.425256
4108,0.386636
4109,0.255725
4110,0.18028
4111,-0.214201
4112,-0.409826
4113,-0.516413
4114,-0.749279
4115,-0.549793
4116,-0.765444
4117,-1.18021
4118,-1.05323
4119,-0.701608
4120,-0.820469
4121,-0.70648
4122,-0.551342
4123,-0.420799
4124,-0.295341
4125,-0.0975553
4126,0.121933
4127,0.175994
4128,0.120948
4129,0.553336
4130,0.717593
4131,0.83893
4132,0.941409
4133,0.691183
4134,1.08384
4135,1.00626
4136,0.753139
4137,0.931147
4138,0.547047
4139,0.919263
4140,0.595303
4141,0.421808
4142,0.0403694
4143,-0.0629952
4144,-0.192327
4145,-0.408507
4146,-0.537609
4147,-0.697955
4148,-0.628743
4149,-0.74107
4150,-1.04557
4151,-1.1315
4152,-1.0751
4153,-0.965562
4154,-0.898804
4155,-0.704565
4156,-0.442146
4157,-0.396822
4158,-0.221134
4159,0.0384429
4160,-0.071908
4161,0.274342
4162,0.736754
4163,0.324618
4164,0.811657
4165,0.750965
4166,0.860391
4167,0.884435
4168,1.09877
4169,1.06581
4170,1.08208
4171,0.770094
4172,0.792523
4173,0.418469
4174,0.675311
4175,0.132216
4176,-0.0054186
4177,-0.11872
4178,-0.343496
4179,-0.337775
4180,-0.663887
4181,-0.494587
4182,-0.932683
4183,-0.975192
4184,-0.970691
4185,-0.961676
4186,-0.919597
4187,-1.07697
4188,-0.753455
4189,-0.881306
4190,-0.561152
4191,-0.761189
4192,-0.13709
4193,-0.0622859
4194,0.140493
4195,0.453904
4196,0.361594
4197,0.514145
4198,0.795984
4199,0.922309
4200,0.74322
4201,0.90135
4202,1.14298
4203,0.924281
4204,0.977308
4205,0.735904
4206,0.690005
4207,0.779227
4208,0.333197
4209,0.0305135
4210,-0.0246199
4211,-0.00605834
4212,-0.234364
4213,-0.575958
4214,-0.832405
4215,-0.810772
4216,-0.737756
4217,-0.842556
4218,-1.05812
4219,-1.15804
4220,-0.946573
4221,-1.02511
4222,-0.789247
4223,-0.666039
4224,-0.412826
4225,-0.291763
4226,0.0470287
4227,0.161615
4228,0.348286
4229,0.353942
4230,0.751579
4231,0.743861
4232,0.81258
4233,0.892342
4234,0.997537
4235,0.980226
4236,0.872743
4237,0.790866
4238,0.766473
4239,0.670287
4240,0.575803
4241,0.316994
4242,0.0384298
4243,0.0591517
4244,-0.265794
4245,-0.242319
4246,-0.332518
4247,-0.652666
4248,-0.60636
4249,-0.934383
4250,-0.773328
4251,-0.827674
4252,-1.13885
4253,-0.782153
4254,-0.76719
4255,-0.627144
4256,-0.512566
4257,-0.591729
4258,-0.455817
4259,-0.261671
4260,0.112625
4261,0.174165
4262,0.464858
4263,0.639917
4264,0.666522
4265,0.889839
4266,0.982685
4267,0.997333
4268,1.02536
4269,0.855662
4270,0.99357
4271,0.691386
4272,0.622467
4273,0.684779
4274,0.304466
4275,0.279791
4276,0.1315
4277,-0.0873677
4278,-0.201033
4279,-0.40943
4280,-0.773449
4281,-0.744707
4282,-0.645047
4283,-0.89251
4284,-0.85032
4285,-1.17461
4286,-1.19909
4287,-1.09392
4288,-0.661212
4289,-0.620252
4290,-0.810348
4291,-0.217942
4292,-0.218719
4293,0.163792
4294,0.243326
4295,0.320401
4296,0.571606
4297,0.600279
4298,0.874208
4299,0.825356
4300,0.949103
4301,1.01278
4302,1.08172
4303,0.873161
4304,0.938294
4305,0.759622
4306,0.541834
4307,0.588938
4308,0.433433
4309,0.320354
4310,0.0399899
4311,-0.194133
4312,-0.289323
4313,-0.631859
4314,-0.684435
4315,-0.880602
4316,-0.977211
4317,-0.902437
4318,-1.11645
4319,-1.00808
4320,-0.887157
4321,-0.885495
4322,-0.75734
4323,-0.465112
4324,-0.512042
4325,-0.238221
4326,0.0601582
4327,0.132453
4328,0.24478
4329,0.689638
4330,0.450595
4331,0.767489
4332,0.939041
4333,0.906157
4334,1.05995
4335,0.780265
4336,1.06214
4337,0.896959
4338,0.614912
4339,0.764901
4340,0.404637
4341,0.34554
4342,0.25006
4343,0.132367
4344,-0.240688
4345,-0.298104
4346,-0.360977
4347,-0.546296
4348,-1.04262
4349,-0.809869
4350,-0.891968
4351,-0.908696
4352,-1.04734
4353,-0.754575
4354,-0.870145
4355,-0.793046
4356,-0.901068
4357,-0.551422
4358,-0.355032
4359,-0.0381514
4360,-0.00222715
4361,0.343471
4362,0.189167
4363,0.541443
4364,0.711057
4365,0.79217
4366,0.887945
4367,0.817081
4368,1.09967
4369,0.968589
4370,0.877183
4371,0.748513
4372,0.819054
4373,0.500626
4374,0.49179
4375,0.368841
4376,-0.0273908
4377,-0.00696543
4378,-0.157974
4379,-0.49827
4380,-0.659621
4381,-0.5843
4382,-0.739179
4383,-1.02032
4384,-1.10062
4385,-0.996861
4386,-1.04069
4387,-0.94499
4388,-0.896298
4389,-0.421464
4390,-0.177979
4391,-0.446492
4392,-0.283736
4393,-0.095205
4394,0.317739
4395,0.0508945
4396,0.65635
4397,0.76877
4398,0.780421
4399,0.760592
4400,0.707537
4401,1.13898
4402,1.00799
4403,0.890627
4404,1.02883
4405,0.583747
4406,0.844574
4407,0.463871
4408,0.455454
4409,0.171361
4410,-0.194901
4411,-0.0926846
4412,-0.398288
4413,-0.549568
4414,-0.525419
4415,-0.715497
4416,-0.810928
4417,-1.00179
4418,-0.745315
4419,-0.820751
4420,-0.857824
4421,-0.778021
4422,-0.64814
4423,-0.539603
4424,-0.469961
4425,-0.30533
4426,-0.111607
4427,-0.0394074
4428,0.230654
4429,0.432474
4430,0.844486
4431,0.906023
4432,0.652832
4433,0.955248
4434,0.927261
4435,0.874692
4436,0.989798
4437,0.908555
4438,0.628989
4439,0.616201
4440,0.535491
4441,0.474895
4442,0.346873
4443,-0.204514
4444,-0.483419
4445,-0.315735
4446,-0.552866
4447,-0.515545
4448,-0.910713
4449,-0.831293
4450,-0.78641
4451,-0.994662
4452,-1.03579
4453,-0.87429
4454,-0.824048
4455,-0.791117
4456,-0.484981
4457,-0.836412
4458,-0.390195
4459,-0.190766
4460,0.0255053
4461,0.157415
4462,0.270025
4463,0.586599
4464,0.702491
4465,0.832176
4466,1.00837
4467,1.20209
4468,1.11799
4469,1.26731
4470,0.795015
4471,0.84781
4472,0.682883
4473,0.370946
4474,0.226492
4475,0.275806
4476,-0.0407555
4477,-0.0320352
4478,-0.0709634
4479,-0.341662
4480,-0.557976
4481,-0.962094
4482,-0.93576
4483,-1.20628
4484,-1.02936
4485,-0.961648
4486,-1.08743
4487,-1.08806
4488,-0.8801
4489,-0.608892
4490,-0.462161
4491,-0.489588
4492,-0.32547
4493,0.0249043
4494,0.00462954
4495,0.296713
4496,0.656641
4497,0.640834
4498,0.6701
4499,0.630077
4500,0.967123
4501,0.866416
4502,0.93967
4503,0.721471
4504,0.916726
4505,0.775377
4506,0.516038
4507,0.360697
4508,0.290555
4509,0.0639804
4510,0.101251
4511,-0.369081
4512,-0.238211
4513,-0.435125
4514,-0.698559
4515,-0.935532
4516,-1.04445
4517,-1.07422
4518,-1.02989
4519,-0.898554
4520,-0.99123
4521,-0.730133
4522,-0.678692
4523,-0.482732
4524,-0.38794
4525,-0.277431
4526,-0.0224352
4527,-0.157082
4528,0.276772
4529,0.462072
4530,0.663913
4531,0.811223
4532,0.663795
4533,0.640046
4534,0.898688
4535,0.63312
4536,0.702188
4537,0.546694
4538,0.871912
4539,0.629487
4540,0.53271
4541,0.372015
4542,0.284651
4543,0.126982
4544,-0.217961
4545,-0.269177
4546,-0.582651
4547,-0.768216
4548,-0.852812
4549,-0.729577
4550,-0.768074
4551,-0.871891
4552,-0.783672
4553,-0.948112
4554,-0.69981
4555,-0.708158
4556,-0.436778
4557,-0.449641
4558,-0.477617
4559,-0.268352
4560,-0.0903577
4561,0.136998
4562,0.29107
4563,0.670033
4564,0.524429
4565,0.875781
4566,0.853953
4567,1.16949
4568,0.890143
4569,1.13978
4570,0.916656
4571,0.839735
4572,0.842217
4573,0.546427
4574,0.388794
4575,0.147569
4576,0.0457001
4577,-0.0220394
4578,-0.407886
4579,-0.44793
4580,-0.694802
4581,-0.756961
4582,-0.653638
4583,-1.0586
4584,-0.894505
4585,-0.990084
4586,-0.99489
4587,-0.84482
4588,-0.797572
4589,-0.690659
4590,-0.488723
4591,-0.302257
4592,-0.257701
4593,0.0799675
4594,0.107088
4595,0.222626
4596,0.675628
4597,0.757153
4598,0.691733
4599,0.786912
4600,0.888355
4601,0.904182
4602,1.09166
4603,1.02037
4604,0.928358
4605,0.734103
4606,0.805423
4607,0.446851
4608,0.346274
4609,0.0367358
4610,0.138231
4611,-0.375633
4612,-0.419341
4613,-0.622255
4614,-0.879198
4615,-0.695422
4616,-0.746499
4617,-1.13367
4618,-0.936998
4619,-0.957759
4620,-0.986184
4621,-0.886362
4622,-0.441661
4623,-0.543156
4624,-0.591949
4625,-0.38697
4626,0.0405353
4627,0.0374856
4628,0.0551488
4629,0.289872
4630,0.71096
4631,0.893508
4632,0.98699
4633,1.12547
4634,0.960689
4635,0.747185
4636,0.990797
4637,0.745879
4638,1.04679
4639,0.699155
4640,0.359997
4641,0.499686
4642,-0.0129514
4643,-0.118156
4644,-0.0376789
4645,-0.440908
4646,-0.456745
4647,-0.715682
4648,-0.686332
4649,-0.786909
4650,-0.844415
4651,-1.1216
4652,-1.03224
4653,-0.940522
4654,-0.896118
4655,-0.725284
4656,-0.619814
4657,-0.552937
4658,-0.214106
4659,-0.224506
4660,0.0158781
4661,0.283365
4662,0.593481
4663,0.47655
4664,0.471373
4665,0.698771
4666,1.12053
4667,0.797246
4668,0.780583
4669,1.20022
4670,0.818949
4671,0.811198
4672,0.651681
4673,0.577474
4674,0.282967
4675,0.335041
4676,-0.0813081
4677,-0.172539
4678,-0.431979
4679,-0.502307
4680,-0.793345
4681,-0.634033
4682,-0.799491
4683,-0.905093
4684,-1.0593
4685,-1.13592
4686,-0.773927
4687,-0.844289
4688,-0.824675
4689,-0.435404
4690,-0.44026
4691,-0.309058
4692,-0.225647
4693,-0.0729428
4694,0.234348
4695,0.206523
4696,0.496992
4697,0.468643
4698,0.751938
4699,0.738774
4700,1.07155
4701,0.90031
4702,1.04154
4703,1.11146
4704,0.921857
4705,0.850649
4706,0.665118
4707,0.311024
4708,0.554827
4709,0.0957914
4710,-0.174986
4711,-0.0767753
4712,-0.517401
4713,-0.655925
4714,-0.505364
4715,-0.816008
4716,-0.847135
4717,-0.942529
4718,-0.959399
4719,-1.27637
4720,-1.00084
4721,-1.03538
4722,-0.589047
4723,-0.650625
4724,-0.480868
4725,-0.183187
4726,0.00333827
4727,0.0458252
4728,0.0233389
4729,0.462653
4730,0.558866
4731,0.866718
4732,0.680546
4733,0.768222
4734,0.784809
4735,1.17144
4736,0.671964
4737,0.841523
4738,0.794659
4739,0.599481
4740,0.533823
4741,0.437658
4742,0.225445
4743,0.0762161
4744,-0.221466
4745,-0.485486
4746,-0.522863
4747,-0.667672
4748,-0.798563
4749,-0.820035
4750,-0.791508
4751,-1.00683
4752,-0.885005
4753,-1.11019
4754,-0.914949
4755,-0.681779
4756,-0.693539
4757,-0.561123
4758,-0.380438
4759,-0.197482
4760,0.0716204
4761,0.266974
4762,0.169759
4763,0.53899
4764,0.761591
4765,0.700867
4766,0.946979
4767,1.09208
4768,0.999903
4769,1.01314
4770,0.953405
4771,0.766485
4772,0.539234
4773,0.601019
4774,0.188865
4775,0.178546
4776,0.0464821
4777,-0.0591119
4778,-0.308912
4779,-0.564402
4780,-0.704026
4781,-1.00816
4782,-0.885101
4783,-1.01298
4784,-1.08548
4785,-0.829899
4786,-1.06526
4787,-0.665021
4788,-0.608898
4789,-0.75698
4790,-0.409834
4791,-0.316879
4792,-0.216648
4793,-0.109346
4794,0.155675
4795,0.354911
4796,0.362623
4797,0.682871
4798,0.827376
4799,0.62401
4800,1.01235
4801,1.043
4802,0.913665
4803,0.729183
4804,0.693796
4805,0.432051
4806,0.808832
4807,0.611871
4808,0.325154
4809,0.107169
4810,-0.272928
4811,-0.404627
4812,-0.24335
4813,-0.505905
4814,-0.497639
4815,-0.625127
4816,-1.01089
4817,-0.863179
4818,-0.914428
4819,-0.967891
4820,-0.703028
4821,-0.903049
4822,-0.737615
4823,-0.60088
4824,-0.300469
4825,-0.43803
4826,-0.043347
4827,0.00230949
4828,0.108433
4829,0.512796
4830,0.612249
4831,0.523774
4832,0.602275
4833,0.964103
4834,0.867747
4835,1.00664
4836,0.746596
4837,1.14718
4838,0.571288
4839,0.671013
4840,0.475787
4841,0.145453
4842,0.342116
4843,-0.000286029
4844,0.051741
4845,-0.412854
4846,-0.493709
4847,-0.716143
4848,-0.913334
4849,-0.820147
4850,-1.15393
4851,-1.12978
4852,-1.25587
4853,-0.81613
4854,-0.682362
4855,-0.87731
4856,-0.727663
4857,-0.508274
4858,-0.278267
4859,-0.161285
4860,0.0705755
4861,0.375653
4862,0.297811
4863,0.581503
4864,0.55098
4865,0.838555
4866,0.938334
4867,1.01545
4868,0.802062
4869,1.01177
4870,0.9865
4871,0.784276
4872,0.297284
4873,0.405153
4874,0.383374
4875,0.400486
4876,0.13507
4877,0.049451
4878,-0.0605988
4879,-0.456594
4880,-0.628781
4881,-0.60556
4882,-0.673306
4883,-1.19964
4884,-0.957466
4885,-0.726137
4886,-0.877661
4887,-0.917961
4888,-0.718083
4889,-0.898228
4890,-0.494103
4891,-0.400196
4892,-0.348151
4893,-0.0131686
4894,0.090651
4895,0.400857
4896,0.519833
4897,0.529883
4898,0.603875
4899,0.725149
4900,1.09649
4901,0.80747
4902,1.01038
4903,0.96485
4904,1.05596
4905,0.735008
4906,0.60517
4907,0.316016
4908,0.156294
4909,-0.0194115
4910,-0.204736
4911,-0.2299
4912,-0.478784
4913,-0.390957
4914,-0.582111
4915,-0.770456
4916,-1.00703
4917,-0.893101
4918,-1.09572
4919,-0.721015
4920,-0.916107
4921,-0.875088
4922,-0.598875
4923,-0.738593
4924,-0.478087
4925,-0.361549
4926,-0.0875288
4927,0.0505923
4928,0.371726
4929,0.413052
4930,0.743958
4931,0.767885
4932,0.855493
4933,0.698294
4934,0.93104
4935,1.03721
4936,1.02313
4937,0.944578
4938,0.770293
4939,0.487326
4940,0.435226
4941,0.0421544
4942,0.279686
4943,-0.034033
4944,-0.286946
4945,-0.406436
4946,-0.393651
4947,-0.580477
4948,-0.651046
4949,-0.930824
4950,-0.860815
4951,-0.821881
4952,-0.924602
4953,-0.939051
4954,-0.983508
4955,-0.338957
4956,-0.65016
4957,-0.402684
4958,-0.420713
4959,-0.0599703
4960,0.276369
4961,0.284853
4962,0.45534
4963,0.440697
4964,0.798166
4965,0.658018
4966,0.74889
4967,1.08283
4968,0.870026
4969,0.973121
4970,0.825532
4971,0.873014
4972,0.757051
4973,0.715447
4974,0.179784
4975,0.299074
4976,0.24361
4977,-0.0217956
4978,-0.113678
4979,-0.412047
4980,-0.56332
4981,-0.854819
4982,-0.652085
4983,-0.935547
4984,-1.07962
4985,-0.993568
4986,-0.804922
4987,-0.749209
4988,-0.887007
4989,-0.564161
4990,-0.50129
4991,-0.266286
4992,-0.112382
4993,-0.196822
4994,0.0138898
4995,0.499416
4996,0.381918
4997,0.62876
4998,0.9719
4999,0.824928
